{
    "cor": "#000000",
    "banner": "Não Configurado",
    "miniatura": "Não Configurado",
    "mensagem_compra": {
        "titulo": "Vendas | Sacrifice White | Produto",
        "desc": "#{desc}\n\n🪐 | Nome: #{nome}\n💸 | Preço: R$#{preco}\n📦 | Estoque: #{estoque}",
        "rodape": "Sem Rodapé",
        "button": {
            "text": "Comprar",
            "style": 2,
            "emoji": "<:saCarrinho:1283020132368781378>"
        }
    },
    "banks": [],
    "duvidas": {
        "status": true,
        "channel": "1274464603098710016",
        "label": "Canal de Ticket",
        "emoji": "<:white_suporte:1254105557174849546>"
    },
    "automod": {
        "autorole": [],
        "mensagem_auto": {
            "system": true,
            "mensagem": []
        },
        "boasvindas": {
            "message": "{member}",
            "tempoaapgar": 10,
            "canais": [
                "1256576074821926912",
                "1181394347250417764",
                "1232461002222735411"
            ]
        },
        "antifake": {
            "dias": null,
            "status": [],
            "nomes": []
        }
    }
}