{
    "vendas": true,
    "pix": true,
    "pagarsite": true,
    "tempmax": 15,
    "acess_token": "",
    "saldo": true,
    "saldobonus": 0,
    "saldomin": 0,
    "semiauto": false,
    "chavepix": "Não Configurado",
    "tipochave": "Não Configurado",
    "qrcode": "Não Configurado",
    "logs_adm": "1269773873415454751",
    "logs_public": "1207367712326549514",
    "roles_client": "1217586831533801483",
    "category": "1194719556271353886",
    "notifycart": true,
    "notifyaprovved": true,
    "notifystock": true,
    "terms": "TERMOS GERAIS.\n・Ao comprar um produto, certifique-se de que o seu perfil no Discord está com o PV desbloqueado. Caso contrário, se o PV estiver bloqueado, não nos responsabilizaremos e não haverá reembolso.\n\n・Após a entrega do produto, não nos responsabilizamos mais por ele.\n\n・O prazo para entrega do seu produto é de até 24h.\n\n・Não é permitida nenhuma divulgação no servidor sem a autorização do Dono. Caso contrário, haverá punição.\n\n・É proibido divulgar produtos/vendas no servidor ou em privado com os membros. A quebra dessa regra resultará em banimento imediato.\n\n・Se um produto for entregue e ele deixar de funcionar, não haverá reembolso ou troca, exceto se você tiver gravação de todo o processo de uso.\n\n・Caso compre um produto que não funcione, é necessário informar o problema em até uma hora. Caso contrário, não será feita a troca.\n\n・Se houver algum problema com o produto comprado, abra um ticket e mantenha a calma; estamos aqui para ajudar.\n\n・Se comprar um produto por engano, achando que era outro, não haverá reembolso, e dependendo do produto, também não haverá troca. Você será responsável pelo erro.\n\n・Ao comprar conosco, você concorda com todos os nossos termos e não terá direito à contestação se não seguir as regras.",
    "channel_fedback": "1137093737584013342"
}