{
    "1186431908360495134": {
        "primeiracompra": 1725924252073,
        "ultimacompra": 1726530663023,
        "compras": 4,
        "gasto": 118.19999999999999
    },
    "1274481107903057942": {
        "primeiracompra": 1726014677657,
        "ultimacompra": 1726525435337,
        "compras": 2,
        "gasto": 1.2
    },
    "1207080624230375457": {
        "primeiracompra": 1726014790431,
        "ultimacompra": 1726014790431,
        "compras": 1,
        "gasto": 17.5
    },
    "1021146067783401482": {
        "saldo": "0.20",
        "primeiracompra": 1726139651074,
        "ultimacompra": 1727820106857,
        "compras": 2,
        "gasto": 15.8
    },
    "991298945647128617": {
        "primeiracompra": 1726248806939,
        "ultimacompra": 1727577851283,
        "compras": 2,
        "gasto": 29.5
    },
    "1197277640793522277": {
        "primeiracompra": 1726319565913,
        "ultimacompra": 1726772638284,
        "compras": 2,
        "gasto": 4
    },
    "975033032836808794": {
        "primeiracompra": 1726334755218,
        "ultimacompra": 1726334755218,
        "compras": 1,
        "gasto": 4.5
    },
    "552280164839718934": {
        "primeiracompra": 1726367288092,
        "ultimacompra": 1726367288092,
        "compras": 1,
        "gasto": 0.6
    },
    "1194235654809341952": {
        "primeiracompra": 1726369946758,
        "ultimacompra": 1726369946758,
        "compras": 1,
        "gasto": 3.5
    },
    "1140929759417733120": {
        "primeiracompra": 1726432350992,
        "ultimacompra": 1726432350992,
        "compras": 1,
        "gasto": 4.5
    },
    "724294353845092403": {
        "primeiracompra": 1726436147492,
        "ultimacompra": 1726436147492,
        "compras": 1,
        "gasto": 0.1
    },
    "920514330468966410": {
        "primeiracompra": 1726439704957,
        "ultimacompra": 1728392713143,
        "compras": 2,
        "gasto": 4.5
    },
    "417743534154579983": {
        "primeiracompra": 1726663893735,
        "ultimacompra": 1726674570493,
        "compras": 2,
        "gasto": 21
    },
    "1059718894761279548": {
        "primeiracompra": 1726691792763,
        "ultimacompra": 1726691792763,
        "compras": 1,
        "gasto": 4.5
    },
    "1111828505248931902": {
        "primeiracompra": 1726692636825,
        "ultimacompra": 1727217562473,
        "compras": 4,
        "gasto": 0.59
    },
    "1121507940898197524": {
        "primeiracompra": 1726703526548,
        "ultimacompra": 1727530276072,
        "compras": 3,
        "gasto": 10.5
    },
    "959794585574473748": {
        "primeiracompra": 1726763576879,
        "ultimacompra": 1726763576879,
        "compras": 1,
        "gasto": 2.99
    },
    "985634247903682570": {
        "primeiracompra": 1726782195460,
        "ultimacompra": 1727576181448,
        "compras": 3,
        "gasto": 10.5
    },
    "1158571874482143375": {
        "primeiracompra": 1726786002909,
        "ultimacompra": 1727479644204,
        "compras": 2,
        "gasto": 2.7
    },
    "1247007741860511854": {
        "primeiracompra": 1726836751009,
        "ultimacompra": 1726836751010,
        "compras": 1,
        "gasto": 2
    },
    "781129094791561229": {
        "primeiracompra": 1727044977157,
        "ultimacompra": 1727044977157,
        "compras": 1,
        "gasto": 0.99
    },
    "1063280359288082553": {
        "primeiracompra": 1727052195920,
        "ultimacompra": 1727052195920,
        "compras": 1,
        "gasto": 0.99
    },
    "865232295752499280": {
        "primeiracompra": 1727060300274,
        "ultimacompra": 1728439059972,
        "compras": 7,
        "gasto": 24
    },
    "1154223765874556948": {
        "primeiracompra": 1727061402909,
        "ultimacompra": 1727641435368,
        "compras": 3,
        "gasto": 2.99
    },
    "1207080624536690769": {
        "primeiracompra": 1727295841124,
        "ultimacompra": 1727468560809,
        "compras": 2,
        "gasto": 6
    },
    "1246251515954466896": {
        "primeiracompra": 1727343891193,
        "ultimacompra": 1727343891193,
        "compras": 1,
        "gasto": 5
    },
    "1246249886957961217": {
        "primeiracompra": 1727728802341,
        "ultimacompra": 1727728802342,
        "compras": 1,
        "gasto": 0.5
    },
    "1021941262187757649": {
        "primeiracompra": 1727835208939,
        "ultimacompra": 1728665873709,
        "compras": 9,
        "gasto": 23.98
    },
    "522470058082041907": {
        "primeiracompra": 1727909214921,
        "ultimacompra": 1727909214924,
        "compras": 1,
        "gasto": 4.5
    },
    "1108005512479506513": {
        "primeiracompra": 1727911235461,
        "ultimacompra": 1728127843601,
        "compras": 2,
        "gasto": 8.5
    },
    "762338750822088724": {
        "primeiracompra": 1727994594724,
        "ultimacompra": 1727994924568,
        "compras": 2,
        "gasto": 4
    },
    "979541992314900540": {
        "primeiracompra": 1728011395123,
        "ultimacompra": 1728061540692,
        "compras": 3,
        "gasto": 12
    },
    "1220425995786391743": {
        "primeiracompra": 1728052347625,
        "ultimacompra": 1728052347625,
        "compras": 1,
        "gasto": 8
    },
    "1062042329864740904": {
        "primeiracompra": 1728076076083,
        "ultimacompra": 1728295420552,
        "compras": 2,
        "gasto": 8.5
    },
    "1068515826396823682": {
        "primeiracompra": 1728206259433,
        "ultimacompra": 1728206259434,
        "compras": 1,
        "gasto": 8
    },
    "465281704785870859": {
        "primeiracompra": 1728236461334,
        "ultimacompra": 1728236461335,
        "compras": 1,
        "gasto": 2
    },
    "1027026903175012442": {
        "primeiracompra": 1728237941747,
        "ultimacompra": 1728237941748,
        "compras": 1,
        "gasto": 4.5
    },
    "880411647531966485": {
        "primeiracompra": 1728252500696,
        "ultimacompra": 1728252500696,
        "compras": 1,
        "gasto": 4.5
    }
}